epoch,step,train_loss
0,999,0.8830901384353638
1,1999,0.6808900833129883
2,2999,0.5254296064376831
