epoch,step,train_loss
0,999,0.9019824266433716
1,1999,0.7620687484741211
2,2999,0.6528921127319336
